Código Región,Nombre Región,Código Municipio,Nombre Municipio,Código Habilitación Prestador Salud,Razón Social Organización,Nombre Sede,Número NIT,Dígito Verificación NIT,Dirección,Número Teléfono,Dirección Correo Electrónico,Punto
01,Valle de Aburrá,05088,Bello,050880561801,E.S.E. HOSPITAL MARCO FIDEL SUAREZ,EMPRESA SOCIAL DEL ESTADO HOSPITAL MARCO FIDEL SUAREZ,"890,985,703",5,CL 44 # 49B-90,4549000 ext 252,gerencia@hmfs.gov.co,"(6.330313, -75.557731)"
01,Valle de Aburrá,05088,Bello,050880473401,E.S.E. HOSPITAL MENTAL DE ANTIOQUIA,E.S.E. HOSPITAL MENTAL DE ANTIOQUIA,"890,905,166",8,CL 38 # 55-310,5744527474,homohs01@edatel.net.co,"(6.324341, -75.564802)"
01,Valle de Aburrá,05088,Bello,050880490901,EMPRESA SOCIAL DEL ESTADO BELLO SALUD,EMPRESA SOCIAL DEL ESTADO BELLO SALUD,"800,174,995",1,CL 54 # 56A-11,5744512351,bellhs01@edatel.net.co,"(6.339078, -75.56404)"
03,Magdalena Medio,05893,Yondó,058930322701,ESE HOSPITAL HECTOR ABAD GOMEZ,ESE HOSPITAL HECTOR ABAD GOMEZ,"800,014,884",7,KR 58 # 47B-50,5748325050,esehectorabadgomez@hospitalyondo.gov.co,"(7.005532, -73.914267)"
08,Suroeste,05353,Hispania,053530238101,ESE HOSPITAL SAN JUAN DEL SUROESTE,ESE HOSPITAL SAN JUAN DEL SUROESTE,"800,068,653",4,CL 50 # 46-47,5748432211,hisphs01@edatel.net.co,"(5.799986, -75.904745)"
05,Norte,05361,Ituango,053610450501,E.S.E.  HOSPITAL SAN JUAN DE DIOS DE ITUANGO,E.S.E.  HOSPITAL SAN JUAN DE DIOS DE ITUANGO,"890,980,840",3,KR QUINDIO #  25-54,5748643100,ituahs01@edatel.net.co,"(7.170186, -75.764535)"
02,Bajo Cauca,05895,Zaragoza,058950588401,ESE HOSPITAL SAN RAFAEL,ESE HOSPITAL SAN RAFAEL,"890,981,117",0,Brr San Gregorio Diagonal Urbanización Miraflores,5748389044,zarahs01@edatel.net.co,"(7.491112, -74.868221)"
05,Norte,05150,Carolina,051500458401,EMPRESA SOCIAL DEL ESTADO HOSPITAL SAN RAFAEL,EMPRESA SOCIAL DEL ESTADO HOSPITAL SAN RAFAEL,"890,906,344",7,CL 50 # 47-40 CL ABAJO,5748634045,carohs01@edatel.net.co,"(6.723214, -75.280809)"
07,Oriente,05483,Nariño,054830592801,E.S.E. HOSPITAL SAN JOAQUIN,E.S.E. HOSPITAL SAN JOAQUIN,"890,981,652",1,CL 13 #  6-43,5748680273,NARIHS01@EDATEL.NET.CO,"(5.609793, -75.174637)"
06,Occidente,05543,Peque,055430629901,E.S.E. HOSPITAL SAN FRANCISCO,E.S.E. HOSPITAL SAN FRANCISCO,"890,983,675",8,KR BOLIVAR # 11-170,5748552045,pequhs01@edatel.net.co,"(7.022272, -75.908618)"
07,Oriente,05376,La Ceja,053760592601,E.S.E. HOSPITAL DE LA CEJA,HOSPITAL DE LA CEJA ESE,"890,980,758",7,CL 17 # 19-55,5745531444,hospitalceja@epm.net.co,"(6.028307, -75.431319)"
08,Suroeste,05091,Betania,050910457201,E.S.E. HOSPITAL SAN ANTONIO DE BETANIA,E.S.E. HOSPITAL SAN ANTONIO DE BETANIA,"890,981,494",2,CL 20 # 26-173,5748435044,betahs01@edatel.net.co,"(5.748156, -75.980673)"
01,Valle de Aburrá,05360,Itagüí,053600212101,E.S.E. HOSPITAL DEL SUR GABRIEL JARAMILLO PIEDRAHITA,E.S.E. HOSPITAL DEL SUR GABRIEL JARAMILLO PIEDRAHITA,"811,017,810",6,CL 33 # 50A-25 SAN PIO,5743725755,hospitaldelsur@epm.net.co,"(6.165313, -75.621337)"
04,Nordeste,05885,Yalí,058850211201,E.S.E. HOSPITAL LA MISERICORDIA,E.S.E. HOSPITAL LA MISERICORDIA,"890,982,162",7,CL 18 # 23-24,5748675655,yalihs01@edatel.net.co,"(6.673346, -74.842429)"
09,Urabá,05475,Murindó,054750502001,ESE HOSPITAL SAN BARTOLOMÉ,ESE HOSPITAL SAN BARTOLOMÉ,"800,165,050",9,CL DEL PUERTO,5748575093,murihs01@edatel.net.co,"(6.980954, -76.821213)"
08,Suroeste,05101,Ciudad Bolívar,051010213901,E.S.E. HOSPITAL LA MERCED DE CIUDAD BOLIVAR,E.S.E. HOSPITAL LA MERCED DE CIUDAD BOLIVAR,"890,907,241",1,CL 49 # 36-298,5748411201,cbolhs01@edatel.net.co,"(5.846031, -76.007988)"
06,Occidente,05042,Santa Fé de Antioquia,050420547801,E.S.E. HOSPITAL SAN JUAN DE DIOS ANTIOQUIA,E.S.E. HOSPITAL SAN JUAN DE DIOS ANTIOQUIA,"890,982,264",1,CL 10 # 3-24,5748531020,stfehs01@edatel.net.co,"(6.553647, -75.823157)"
07,Oriente,05660,San Luis,056600227701,E.S.E. HOSPITAL SAN RAFAEL DE SAN LUIS,E.S.E. HOSPITAL SAN RAFAEL DE SAN LUIS,"890,982,091",2,KR 19 #17-63,5748348505,snluhsor@edatel.net.co,"(6.041148, -74.991914)"
05,Norte,05658,San José de la Montaña,056580559101,E.S.E. HOSPITAL LAUREANO PINO,E.S.E. HOSPITAL LAUREANO PINO,"890,984,427",2,KR 21 # 15-11,5748622663,"hospitallaureanopino@gmail.com, snmohs01@edatel.net.co,","(6.847521, -75.681767)"
09,Urabá,05051,Arboletes,050510232301,E.S.E. HOSPITAL PEDRO NEL CARDONA,E.S.E. HOSPITAL PEDRO NEL CARMONA,"890,982,134",0,BARRIO EL DEPORTIVO,5748200026,arbosh@edatel.net.co,"(8.851489, -76.421499)"
05,Norte,05686,Santa Rosa de Osos,056860464901,E.S.E. HOSPITAL SAN JUAN DE DIOS DE SANTA ROSA DE OSOS,E.S.E. HOSPITAL SAN JUAN DE DIOS DE SANTA ROSA DE OSOS,"890,981,298",5,KR 28 # 26A-34,5748609474,stlo01@edatel.com.co,"(6.646108, -75.461059)"
09,Urabá,05045,Apartadó,050450214301,EMPRESA SOCIAL DEL ESTADO HOSPITAL ANTONIO ROLDAN BETANCUR,EMPRESA SOCIAL DEL ESTADO HOSPITAL ANTONIO ROLDAN BETANCUR,"890,905,991",8,KR 98 # 106-176 BARRIO LA CHINITA,5748283105,apartah01@edatel.net.co,"(7.887654, -76.628555)"
01,Valle de Aburrá,05129,Caldas,051290214601,E.S.E.  HOSPITAL SAN VICENTE DE PAUL DE CALDAS,E.S.E. HOSPITAL SAN VICENTE DE PAUL DE CALDAS,"890,907,215",1,KR 48 # 135S-41,5742780600,hospsvp@medellin.impsat.net,"(6.08673, -75.634566)"
08,Suroeste,05856,Valparaiso,058560238201,E.S.E. HOSPITAL SAN JUAN DE DIOS,E.S.E. HOSPITAL SAN JUAN DE DIOS,"890,980,828",4,KR NARIÑO # 09,5748493160,valphsoi@edatel.net.co,"(5.614395, -75.624261)"
01,Valle de Aburrá,05001,Medellín,050010214401,EMPRESA SOCIAL DEL ESTADO HOSPITAL GENERAL DE MEDELLIN LUZ CASTRO DE GUTIERREZ,EMPRESA SOCIAL DEL ESTADO HOSPITAL GENERAL DE MEDELLIN LUZ CASTRO DE GUTIERREZ,"890,904,647",7,KR 48 # 32-102,5743847300,hgm@epm.net.co,"(6.23477, -75.572848)"
05,Norte,05107,Briceño,051070231101,EMPRESA SOCIAL DEL ESTADO HOSPITAL EL SAGRADO CORAZON,ESE HOSPITAL EL SAGRADO CORAZON,"800,044,320",3,CL 11 # 8-31,5748570099,brichs01@edatel.net.co,"(7.113115, -75.551047)"
09,Urabá,05659,San Juan de Urabá,056590215901,E.S.E. HOSPITAL HECTOR ABAD GOMEZ,E.S.E. HOSPITAL HECTOR ABAD GOMEZ,"800,143,438",8,KR 20 # 24-20,5748212550,0snjuhs01@edatel.net.co,"(8.762896, -76.525698)"
07,Oriente,05756,Sonsón,057560239401,EMPRESA SOCIAL DEL ESTADO SAN JUAN DE DIOS,EMPRESA SOCIAL DEL ESTADO SAN JUAN DE DIOS,"890,980,003",5,CL 16 # 7-165 BUENOS AIRES,5748695050,sonshs01@edatel.net.co,"(5.716899, -75.309005)"
05,Norte,05134,Campamento,051340593001,E.S.E. HOSPITAL LA SAGRADA FAMILIA,E.S.E. HOSPITAL LA SAGRADA FAMILIA,"890,985,457",8,CL BOLIVAR # 15-07,5748614113,camphs01@edatel.net.co,"(6.979421, -75.299327)"
06,Occidente,05411,Liborina,054110157901,EMPRESA SOCIAL DEL ESTADO HOSPITAL SAN LORENZO,EMPRESA SOCIAL DEL ESTADO HOSPITAL SAN LORENZO,"890,982,139",7,KR 13 # 6-21,5748561826,libohs01@edatel.net.co,"(6.676713, -75.814548)"
09,Urabá,05490,Necoclí,054900481101,E.S.E. HOSPITAL SAN SEBASTIAN DE URABA,E.S.E. HOSPITAL SAN SEBASTIAN DE URABÁ,"890,985,603",7,CL 50 # 36 - 37 KM 2 VIA TURBO,5748214546,necohs01@edatel.net.co,"(8.424319, -76.78393)"
06,Occidente,05113,Buriticá,051130559601,E.S.E. HOSPITAL SAN ANTONIO DE BURITICA,E.S.E. HOSPITAL SAN ANTONIO DE BURITICA,"890,983,843",9,CL 8 # 3-56,5748527035,burihs01@edatel.net.co,"(6.719975, -75.907202)"
04,Nordeste,05604,Remedios,056040550901,EMPRESA SOCIAL DEL ESTADO HOSPITAL SAN VICENTE DE PAUL,EMPRESA SOCIAL DEL ESTADO HOSPITAL SAN VICENTE DE PAUL,"890,985,092",3,CL LAS PALMAS # 12 - 120,5748303727,remehs01@edatel.net.co,"(7.07385, -74.697847)"
01,Valle de Aburrá,05001,Medellín,050010608601,E.S.E. HOSPITAL LA MARIA,EMPRESA SOCIAL DEL ESTADO HOSPITAL LA MARIA,"890,905,177",9,CL 92EE # 67-61,5742677511,sismaria@epm.net.co,"(6.28661, -75.574179)"
03,Magdalena Medio,05591,Puerto Triunfo,055910421901,ESE HOSPITAL LA PAZ,ESE HOSPITAL LA PAZ,"800,072,678",3,CL 14 # 10 - 25,5748352098,ptrihs01@edatel.net.co,"(5.872305, -74.64018)"
05,Norte,05310,Gomez Plata,053100501501,E.S.E. HOSPITAL SANTA ISABEL,E.S.E. HOSPITAL SANTA ISABEL,"890,902,151",4,KR 52 # 48-047,5748627631,gomehs01@edatel.net.co,"(6.679196, -75.221613)"
05,Norte,05315,Guadalupe,053150458601,E.S.E. NUESTRA SEÑORA DE GUADALUPE,E.S.E. HOSPITAL NUESTRA SEÑORA DE GUADALUPE,"890,981,690",1,CL 50 # 51-12,5748616110,guadahs01@edatel.net.co,"(6.814711, -75.241542)"
06,Occidente,05125,Caicedo,051250831301,E.S.E. HOSPITAL GUILLERMO GAVIRIA CORREA,E.S.E. HOSPITAL GUILLERMO GAVIRIA CORREA,"800,037,244",2,KR 5 # 3-23,5748572123,caich01@edatel.net.co,"(6.404312, -75.982647)"
01,Valle de Aburrá,05001,Medellín,050010239301,E.S.E. CENTRO DE ATENCION Y REHABILITACION EN SALUD MENTAL DE ANTIOQUIA,E.S.E. CENTRO DE ATENCION Y REHABILITACION EN SALUD MENTAL DE ANTIOQUIA CARISMA,"890,985,405",5,KR 93 # 34AA-01,5744924000,esecarismepm.net.coa,"(6.242055, -75.618542)"
07,Oriente,05615,Rionegro,056150501301,E.S.E. HOSPITAL GILBERTO MEJIA MEJIA,E.S.E. HOSPITAL GILBERTO MEJIA MEJIA,"800,176,899",1,KR 70 # 40-68,5745316927,hgmm@epm.net.co,"(6.148722, -75.389964)"
05,Norte,05237,Don Matias,052370594801,E.S.E. HOSPITAL FRANCISCO ELADIO BARRERA,E.S.E. HOSPITAL FRANCISCO ELADIO BARRERA,"890,905,097",8,CL 36A # 29-55,5748663737,dnaths@01edatel.net.co,"(6.489024, -75.395705)"
08,Suroeste,05847,Urrao,058470483901,EMPRESA SOCIAL DEL ESTADO IVAN RESTREPO GOMEZ,ESE HOSPITAL IVAN RESTREPO GOMEZ,"890,980,971",1,KR 32 # 23-61,5748512131,urrahs01@edatel.net.co,"(6.311033, -76.132915)"
07,Oriente,05697,El Santuario,056970242701,E.S.E. HOSPITAL SAN JUAN DE DIOS EL SANTUARIO,E.S.E. HOSPITAL SAN JUAN DE DIOS EL SANTUARIO,"890,980,326",9,CL 49 # 41-63,5745460050,hospital@epm.net.co,"(6.136576, -75.261921)"
08,Suroeste,05368,Jericó,053680483301,NUEVA ESE HOSPITAL SAN RAFAEL JERICO,NUEVA ESE HOSPITAL SAN RAFAEL JERICO,"890,980,765",9,KR 5 # 9-157,5748523166,jerihs01@edatel.net.co,"(5.789472, -75.787382)"
01,Valle de Aburrá,05212,Copacabana,052120230801,E.S.E. HOSPITAL SANTA MARGARITA,E.S.E. HOSPITAL SANTA MARGARITA,"890,980,949",7,KR 45 # 52-26,5742740203,santamar@epm.net.co,"(6.349485, -75.505182)"
06,Occidente,05656,San Jerónimo,056560509201,E.S.E. HOSPITAL SAN LUIS BELTRAN,E.S.E. HOSPITAL SAN LUIS BELTRAN,"890,981,848",6,KR 10 # 23-08,5748582020,snjehs01@edatel.net.co,"(6.444441, -75.729146)"
06,Occidente,05138,Cañasgordas,051380491401,E.S.E. HOSPITAL SAN CARLOS,E.S.E. HOSPITAL SAN CARLOS,"890,980,784",9,KR 31 # 33-140,5748564181,canahs01@edatel.net.co,"(6.750362, -76.02582)"
07,Oriente,05318,Guarne,053180243601,E.S.E. NUETRA SEÑORA DE LA CANDELARIA,E.S.E. NUETRA SEÑORA DE LA CANDELARIA,"890,981,719",4,KR 52 # 52-177,5745511313,guarhs01@edatel.net.co,"(6.281456, -75.445352)"
08,Suroeste,05576,Pueblorrico,055760592901,E.S.E. HOSPITAL SAN VICENTE DE PAUL DE PUEBLO RICO,E.S.E. HOSPITAL SAN VICENTE DE PAUL DE PUEBLO RICO,"890,981,532",4,CL 32 #  26A-38,5748498326,PRICHS01@EDATEL.NET.CO,"(5.793464, -75.838787)"
01,Valle de Aburrá,05631,Sabaneta,056310220601,E.S.E. HOSPITAL VENANCIO DIAZ DIAZ,E.S.E. HOSPITAL VENACIO DIAZ DIAZ,"800,123,106",2,KR 46B # 77 SUR 36,5742889701,esehvdds@emp.net.co,"(6.148166, -75.621836)"
08,Suroeste,05209,Concordia,052090581901,E.S.E. HOSPITAL SAN JUAN DE DIOS DE CONCORDIA,E.S.E. HOSPITAL SAN JUAN DE DIOS DE CONCORDIA,"89,090,797",3,KR 18 # 16-05,5748447723,concohs01@edatel.net.co,"(6.045373, -75.904713)"
07,Oriente,05002,Abejorral,050020436001,HOSPITAL SAN JUAN DE DIOS ABEJORRAL,HOSPITAL SAN JUAN DE DIOS ABEJORRAL,"890,980,643",9,CL CIRCULAR X KR CALIBIO,5748647181,abejhs01@edatel.net.co,"(5.788458, -75.426663)"
01,Valle de Aburrá,05308,Girardota,053080610401,E.S.E. HOSPITAL SAN RAFAEL,E.S.E. HOSPITAL SAN RAFAEL,"890,980,727",9,KR 16 # 11-01,5744052380,girarhs.a.@epm.net.co,"(6.375113, -75.449558)"
07,Oriente,05667,San Rafael,056670151201,E.S.E. HOSPITAL PRESBITERO ALONSO MARIA GIRALDO,ESE HOSPITAL PBRO ALONSO MARIA GIRALDO,"891,982,128",1,KR 29 # 26-189,5748586612,snrahs01@edatel.net.co,"(6.294397, -75.026343)"
02,Bajo Cauca,05790,Tarazá,057900551301,E.S.E. HOSPITAL SAN ANTONIO,E.S.E. HOSPITAL SAN ANTONIO,"890,984,696",7,CL 26 # 32-1311,5748365616,tarahs01@edatel.net.co,"(7.579264, -75.399406)"
07,Oriente,05607,El Retiro,056070238301,E.S.E. HOSPITAL SAN JUAN DE DIOS DEL RETIRO,E.S.E. HOSPITAL SAN JUAN DE DIOS DEL RETIRO,"890,982,124",7,CL 18 # 21-103,5745410055,eseretiro@epm.net.co,"(6.05621, -75.503709)"
07,Oriente,05197,Cocorná,051970559301,ESE HOSPITAL SAN JUAN DE DIOS DE COCORNA,ESE HOSPITAL SAN JUAN DE DIOS,"890,981,108",4,CL 21 # 23-45,5748343685,cocohs01@edatel.net.co,"(6.057621, -75.186546)"
04,Nordeste,05858,Vegachí,058580629401,E.S.E. HOSPITAL SAN CAMILO DE LELIS,E.S.E. HOSPITAL SAN CAMILO DE LELIS,"800,114,286",3,CL 49 # 39 - 99,5748305474,vegahs01edatel.net.co,"(6.762892, -74.788828)"
07,Oriente,05148,El Carmen de Viboral,051480431001,E.S.E. HOSPITAL SAN JUAN DE DIOS DEL CARMEN DE VIBORAL,E.S.E. HOSPITAL SAN JUAN DE DIOS DEL CARMEN DE VIBORAL,"890,907,279",0,KR 31 # 19-58,5745434343,hospitalcarmen@epm.net.co,"(6.075086, -75.331621)"
06,Occidente,05044,Anzá,050440501401,E.S.E. HOSPITAL SAN FRANCISCO DE ASIS,E.S.E. HOSPITAL SAN FRANCISCO DE ASIS,"890,397,282",3,KR 8 # 7-29,5748522029,anzahs01@edatel.net.co,"(6.302545, -75.852356)"
07,Oriente,05206,Concepción,052060478001,ESE HOSPITAL JOSE MARIA CORDOBA,ESE HOSPITAL JOSE MARIA CORDOBA,"890,980,512",2,KR 19 # 19-83,5748567024,hospitalconcepcion@hotmail.com,"(6.041964, -74.992971)"
05,Norte,05887,Yarumal,058870228401,E.S.E. HOSPITAL SAN JUAN DE DIOS YARUMAL,E.S.E. HOSPITAL SAN JUAN DE DIOS YARUMAL,"890,981,726",6,KR 23 # 12 - 13,5748871550,hospiyar@col.telecom.com.co,"(6.957323, -75.414931)"
07,Oriente,05321,Guatapé,053210442901,E.S.E. HOSPITAL LA INMACULADA,E.S.E. HOSPITAL LA INMACULADA,"890,981,817",8,KR 23A # 31-35,5748610950,guaths01@edatel.net.co,"(6.232029, -75.156559)"
02,Bajo Cauca,05120,Cáceres,051200554701,EMPRESA SOCIAL DEL ESTADO HOSPITAL ISABEL LA CATOLICA,EMPRESA SOCIAL DEL ESTADO HOSPITAL ISABEL LA CATOLICA,"890,982,430",6,KR 50 # 52-48,5748362039,hospitalcaceres@gmail.com,"(7.581577, -75.347834)"
07,Oriente,05400,La Unión,054000242001,E.S.E. HOSPITAL SAN ROQUE  LA UNION,E.S.E. HOSPITAL SAN ROQUE LA UNION,"890,980,866",4,CL 2 # 11-54,5745560619,uniohs@edatel.net.co,"(5.967984, -75.359452)"
08,Suroeste,05642,Salgar,056420457601,E.S.E. HOSPITAL SAN JOSE,E.S.E. HOSPITAL SAN JOSE,"890,981,424",7,CL 32A # 33-04,5748442020,salghs01@edatel.net.co,"(5.965121, -75.980536)"
08,Suroeste,05034,Andes,050340443201,E.S.E. HOSPITAL SAN RAFAEL,E.S.E. HOSPITAL SAN RAFAEL,"890,980,814",1,AV MEDELLIN # 48-20,5748417120,andehs01@edatel.net.co,"(5.653782, -75.877633)"
07,Oriente,05649,San Carlos,056490398301,E.S.E. HOSPITAL SAN VICENTE DE PAUL SAN CARLOS,E.S.E. HOSPITAL SAN VICENTE DE PAUL,"890,981,561",8,CL 21 # 24-58,5748358794,sncahs@edatel.net.co,"(6.187542, -74.996393)"
05,Norte,05664,San Pedro de los Milagros,056640448101,E.S.E. HOSPITAL SANTA ISABEL,E.S.E. HOSPITAL SANTA ISABEL,"800,014,405",2,CL 43A #  52A-109,5748687610,snpehs01@edtel.net.co,"(6.45668, -75.559802)"
08,Suroeste,05145,Caramanta,051450158501,E.S.E. EMPRESA SOCIAL DEL ESTADO HOSPITAL SAN ANTONIO,E.S.E. HOSPITAL SAN ANTONIO,"890,981,163",1,KR 21 BOLIVAR # 16-33,5748553524,caramhs1@edatel.net.co,"(5.545532, -75.644077)"
07,Oriente,05440,Marinilla,054400527301,E.S.E. SAN JUAN DE DIOS DE MARINILLA,E.S.E. SAN JUAN DE DIOS DE MARINILLA,"890,980,752",3,KR 36 # 28-85,5745484044,marih01@edatel.net.co,"(6.174593, -75.33948)"
04,Nordeste,05190,Cisneros,051900559201,EMPRESA SOCIAL DEL ESTADO HOSPITAL SAN ANTONIO,E.S.E HOSPITAL SAN ANTONIO,"890,980,444",1,CL 18 # 17-105,5748631847,cisnhs01@edatel.net.co,"(6.537253, -75.088447)"
06,Occidente,05306,Giraldo,053060447701,E.S.E. HOSPITAL SAN ISIDRO,E.S.E. HOSPITAL SAN ISIDRO,"800,193,392",1,Cra 10 No 11-05,5748571325,girahs01@edatel.net.co,"(6.681158, -75.953248)"
07,Oriente,05021,Alejandría,050210509801,ESE HOSPITAL PBRO LUIS FELIPE ARBELAEZ,ESE HOSPITAL PBRO LUIS FELIPE ARBELAEZ,"800,029,509",5,KR 19 # 16-70,5748660077,alejhs01@edatel.net.co,"(6.373932, -75.140366)"
08,Suroeste,05467,Montebello,054670396201,E.S.E. HOSPITAL SAN ANTONIO DE MONTEBELLO,E.S.E. HOSPITAL SAN ANTONIO DE MONTEBELLO,"890,981,096",4,CL 18 # 18-85,5748480559,mtbehs01@edatel.net.co,"(5.948656, -75.52304)"
07,Oriente,05615,Rionegro,056150137601,E.S.E. HOSPITAL SAN JUAN DE DIOS,E.S.E. HOSPITAL SAN JUAN DE DIOS,"890,907,254",7,KR 48 # 56-59,5745313700,eserionegro@epm.net.co,"(6.158646, -75.371353)"
09,Urabá,05480,Mutatá,054800491601,E.S.E. HOSPITAL LA ANUNCIACION,E.S.E. HOSPITAL LA ANUNCIACION,"890,981,268",4,KR 10 # 10-08,5748578622,mutahs01@edatel.net.co,"(7.247664, -76.439309)"
01,Valle de Aburrá,05266,Envigado,052660491001,E.S.E. HOSPITAL MANUEL URIBE ANGEL,ESE HOSPITAL MANUEL URIBE ANGEL,"890,906,347",9,DG 31 # 36 A SUR - 80,5742703511,envihs01@edatel.net.co,"(6.166892, -75.580128)"
06,Occidente,05628,Sabanalarga,056280510701,E.S.E. HOSPITAL SAN PEDRO,E.S.E. HOSPITAL SAN PEDRO,"890,982,140",5,KR 17 # 15-94,5748554315,sabahs01@edatel.net.co,"(6.84718, -75.816565)"
03,Magdalena Medio,05425,Maceo,054250510501,EMPRESA SOCIAL DEL ESTADO MARCO A. CARDONA,EMPRESA SOCIAL DEL ESTADO HOSPITAL  MARCO A. CARDONA,"890,906,966",8,KR 30 # 33-237,5748640283,macehs01@edatel.net.co,"(6.556282, -74.788297)"
06,Occidente,05284,Frontino,052840217001,EMPRESA SOCIAL DEL ESTADO HOSPITAL MARIA ANTONIA TORO DE ELEJALDE,EMPRESA SOCIAL DEL ESTADO HOSPITAL MARIA ANTONIA TORO DE ELEJALDE,"890,906,991",2,KR 27 # 31 - 38,5748595050,fronhs01@edatel.net.co,"(6.780833, -76.126499)"
04,Nordeste,05670,San Roque,056700581401,E.S.E. HOSPITAL MUNICIPAL SAN ROQUE,ESE HOSPITAL MUNICIPAL SAN ROQUE,"890,906,211",6,CL 25 # 18-30,5748656735,esehospitalsr@gmail.com,"(6.487918, -75.018205)"
08,Suroeste,05030,Amaga,050300437401,E.S.E. HOSPITAL SAN FERNANDO,E.S.E. HOSPITAL SAN FERNANDO,"890,906,346",1,KR 52 # 51-82,5748472121,amaghs01@edatel.net.co,"(6.040678, -75.704572)"
07,Oriente,05055,Argelia,050550547901,EMPRESA SOCIAL DEL ESTADO HOSPITAL SAN JULIAN,EMPRESA SOCIAL DEL ESTADO HOSPITAL SAN JULIAN,"890,981,851",9,CL 31 # 32-14,5748650042,argeh01@edatel.net.co,"(5.731866, -75.144671)"
08,Suroeste,05093,Betulia,050930237101,E.S.E. HOSPITAL GERMAN VELEZ GUTIERREZ,E.S.E. HOSPITAL GERMAN VELEZ GUTIERREZ,"890,982,116",8,KR 21 # 15-20,5748436085,betuhs01@edalel.net.co,"(6.113337, -75.984712)"
01,Valle de Aburrá,05360,Itagüí,053600433901,E.S.E. HOSPITAL SAN RAFAEL DE ITAGUI,E.S.E. HOSPITAL SAN RAFAEL DE ITAGUI,"890,980,066",9,KR 51A # 45-51,5743788100,itaguihsr@epm.net.co,"(6.171281, -75.613242)"
01,Valle de Aburrá,05380,La estrella,053800501601,E.S.E. HOSPITAL LA ESTRELLA,EMPRESA SOCIAL DEL ESTADO HOSPITAL LA ESTRELLA,"800,138,968",1,CL 80 SUR #  59-73,5743021010,estrhs01@edatel.net.co,"(6.157163, -75.64302)"
02,Bajo Cauca,05154,Caucasia,051540220101,E.S.E. HOSPITAL CESAR URIBE PIEDARHITA,HOSPITAL CESAR URIBE PIEDARHITA,"890,980,757",1,CL 31 KR 18 EL PALMAR,5748392161,cauchs01@edatel.net.co,"(7.995211, -75.19809)"
08,Suroeste,05861,Venecia,058610145201,E.S.E.  HOSPITAL SAN RAFAEL DE VENECIA,ESE HOSPITAL SAN RAFAEL DE VENECIA,"890,980,367",0,CL 52 # 50-82,5748490313,venehs01@edatel.net.co,"(5.965161, -75.735084)"
07,Oriente,05674,San Vicente,056740479201,E S E HOSPITAL MUNICIPIO DE SAN VICENTE,E S E HOSPITAL MUNICIPIO DE SAN VICENTE,"890,983,738",3,AV CARVAJAL # 31-36,5748544100,snvihs01@edatel.net.co,"(6.282818, -75.332085)"
05,Norte,05819,Toledo,058190612301,E.S.E. HOSPITAL PEDRO CLAVER AGUIRRE,EMPRESA SOCIAL DEL ESTADO HOSPITAL PEDRO CLAVER AGUIRRE Y,"800,139,704",7,CL CORDOBA #  9-07,5748619173,hospitoledo@edatel.net.co,"(7.011666, -75.691509)"
06,Occidente,05059,Armenia,050590550601,EMPRES SOCIAL DEL ESTADO HOSPITAL SAN MARTIN DE PORRES,EMPRES SOCIAL DEL ESTADO HOSPITAL SAN MARTIN DE PORRES,"890,982,153",0,CL 11 # 6-69,5748559099,armehs01@edatel.netco,"(6.159244, -75.785966)"
05,Norte,05264,Entrerrios,052640230901,ESE HOSPITAL PRESBITERO EMIGDIO PALACIO,ESE HOSPITAL PRESBITERO EMIGDIO PALACIO,"890,984,779",1,KR 13 # 10 - 36,5748670051,entrhso1@edatel.net.co,"(6.567066, -75.517965)"
08,Suroeste,05390,La Pintada,053900509001,EMPRESA SOCIAL DEL ESTADO HOSPITAL ANTONIO ROLDAN BETANCUR,EMPRESA SOCIAL DEL ESTADO HOSPITAL ANTONIO ROLDAN BETANCUR,"811,013,792",3,KR 30 # 30A - 45,5748454063,pinths01@edatel.net.co,"(5.740705, -75.606859)"
07,Oriente,05652,San Francisco,056520601601,EMPRESA SOCIAL DEL ESTADO HOSPITAL SAN FRANCISCO DE ASIS,EMPRESA SOCIAL DEL ESTADO HOSPITAL SAN FRANCISCO DE ASIS,"800,133,887",9,KR 9 #10-09,5748323027,sfrahs01@edatel.net.co,"(5.964372, -75.100077)"
08,Suroeste,05792,Tarso,057920458701,EMPRESA SOCIAL DEL ESTADO HOSPITAL SAN PABLO,E.S.E SAN PABLO,"890,982,182",4,KR 18 # 21 - 02,5748458606,tarshs01@edatel.net.co,"(5.865957, -75.820945)"
05,Norte,05038,Angostura,050380153801,E.S.E. EMPRESA SOCIAL DEL ESTADO HOSPITAL SAN RAFAEL DE  ANGOSTURA,E.S.E. EMPRESA SOCIAL DEL ESTADO HOSPITAL SAN RAFAEL DE ANGOSTURA,"890,982,183",1,Kr 10 # 16-1,5748645099,ANGOHS01@EDATEL.NET.CO,"(6.887402, -75.334797)"
05,Norte,05854,Valdivia,058540457701,EMPRESA SOCIAL DEL ESTADO HOSPITAL SAN JAUN DE DIOS VALDIVIA,E.S.E HOSPITAL SAN JUAN DE DIOS DE VALDIVIA,"891,982,129",7,KR 8 # 7 - 18,5748360218,valdhs01@edatel.net.co,"(7.289894, -75.392647)"
08,Suroeste,05282,Fredonia,052820217101,E.S.E. HOSPITAL DE SANTA LUCIA,E.S.E. HOSPITAL SANTA LUCIA,"890,980,181",8,CL 69 # 50-220 VEREDA EL EDEN,5748401101,fredhs01@edatel.net.co,"(5.932994, -75.679965)"
06,Occidente,05347,Heliconia,053470219201,EMPRESA SOCIAL DEL ESTADO HOSPITAL SAN RAFAEL,EMPRESA SOCIAL DEL ESTADO HOSPITAL SAN RAFAEL,"890,981,074",2,CL 22 B No 20-21,5748549897,helihs01@edatel.net.co,"(6.208224, -75.732622)"
06,Occidente,05501,Olaya,055010556901,ESE HOSPITAL SAN MIGUEL,ESE HOSPITAL SAN MIGUEL,"800,202,398",5,KR 10 # 10 - 34,5748551038,olayhs01@edatel.net.co,"(6.613513, -75.764862)"
04,Nordeste,05736,Segovia,057360612501,E.S.E. HOSPITAL SAN JUAN DE DIOS,E.S.E. HOSPITAL SAN JUAN DE DIOS,"800,080,586",8,KR 44 # 47B - 65,5748318773,segohs01@edatel.net.co,"(7.079003, -74.693899)"
06,Occidente,05842,Uramita,058420643101,EMPRESA SOCIAL DEL ESTADO HOSPITAL TOBIAS PUERTA,EMPRESA SOCIAL DEL ESTADO HOSPITAL TOBIAS PUERTA,"800,065,395",5,CL 20  # 22 170  BRR EL TOTUMO,5748574048,uramhs01@edatel.net.co,"(6.902526, -76.174049)"
04,Nordeste,05031,Amalfi,050310209101,E.S.E HOSPITAL EL CARMEN,E.S.E HOSPITAL EL CARMEN,"890,982,101",8,CL 23 # 23 - 40,5748301803,amalhs01@edatel.net.co,"(6.910925, -75.077171)"
07,Oriente,05313,Granada,053130510901,ESE HOSPITAL PADRE CLEMENTE GIRALDO,ESE HOSPITAL PADRE CLEMENTE GIRALDO,"890,981,182",1,CL 21 # 25-02,5748320742,granhs01@edatel.net.co,"(6.140427, -75.183778)"
03,Magdalena Medio,05585,Puerto Nare,055850472501,EMPRESA SOCIAL DEL ESTADO HOSPITAL OCTAVIO OLIVARES,EMPRESA SOCIAL DEL ESTADO HOSPITAL OCTAVIO OLIVARES,"890,985,810",5,KR 5 # 45-103,5748347033,pnarhs01@edatel.net.co,"(6.18466, -74.583856)"
03,Magdalena Medio,05579,Puerto Berrio,055790607001,EMPRESA SOCIAL DEL ESTADO HOSPITAL LA CRUZ,E.S.E HOSPITAL LA CRUZ,"890,980,063",7,KR 7 # 48-03,5748332490,pberhs01@edatel.net.co,"(6.488732, -74.404202)"
08,Suroeste,05809,Titiribí,058090434901,ESE HOSPITAL SAN JUAN DE DIOS,ESE HOSPITAL SAN JUAN DE DIOS,"890,980,346",6,Kr Bolivar 18-55,5748482626,titihs01@edatel.net.co,"(6.062678, -75.791556)"
06,Occidente,05234,Dabeiba,052340231401,EMPRESA SOCIAL DEL ESTADO HOSPITAL NUESTRA SEÑORA DEL PERPETUO SOCORRO,E.S.E HOSPITAL NUESTRA SEÑORA DEL PERPETUO SOCORRO,"890,984,670",6,KR URIBE URIBE # 622,5748590045,dabehs01@edatel.net.co,"(6.997737, -76.261725)"
05,Norte,05086,Belmira,050860550701,EMPRESA SOCIAL DEL ESTADO HOSPITAL NUESTRA SEÑORA DEL ROSARIO,EMPRESA SOCIAL DEL ESTADO HOSPITAL NUESTRA SEÑORA DEL ROSARIO,"890,982,065",0,KR 19# 19 93,5748674147,belmhs01@edatel.net.co,"(6.607103, -75.666736)"
06,Occidente,05004,Abriaquí,050040588001,ESE HOSPITAL NUEVO HORIZONTE,ESE HOSPITAL NUEVO HORIZONTE,"811,032,722",9,CL 9A # 12-59,3104323014,ese@abriaqui-antioquia.gov.co,"(6.632296, -76.067405)"
08,Suroeste,05679,Santa Bárbara,056790458201,EMPRESA SOCIAL DEL ESTADO HOSPITAL SANTAMARIA,EMPRESA SOCIAL DEL ESTADO HOSPITAL SANTAMARIA,"890,905,198",3,KR 50 # 45 90,5748463131,stbahs01@hotmail.com,"(5.87398, -75.565225)"
04,Nordeste,05040,Anorí,050400326101,ESE HOSPITAL SAN JUAN DE DIOS DE ANORI,ESE HOSPITAL SAN JUAN DE DIOS DE ANORI,"890,982,138",1,CL ZEA (CALLE 30 CON CARRERA 29),5748350803,anorhso1@edatel.net.co,"(7.072657, -75.145669)"
01,Valle de Aburrá,05001,Medellín,050010217801,EMPRESA SOCIAL DEL ESTADO METROSALUD,ESE METROSALUD,"800,058,016",1,KR 50 # 44 - 27  ED SACATIN,5745117505,gerentegeneral@metrosalud.gov.co,"(6.244572, -75.56986)"
01,Valle de Aburrá,05266,Envigado,052660969601,E.S.E. SANTA GERTRUDIS ENVIGADO,CLINICA SANTA GERTRUDIS,"900,125,759",3,DG 33 # 35 C SUR 31,5743319400,envisalud@envigado.gov.co,"(6.168454, -75.581989)"
07,Oriente,05541,El Peñol,055410197901,EMPRESA SOCIAL DEL ESTADO HOSPITAL SAN JUAN DE DIOS,E.S.E HOSPITAL SAN JUAN DE DIOS,"890,980,486",9,TV 7A # 11-84,5748515750,penohs01@edatel.net.co,"(6.216002, -75.238819)"
06,Occidente,05240,Ebéjico,052400374401,EMPRESA SOCIAL DEL ESTADO  HOSPITAL SAN RAFAEL,EMPRESA SOCIAL DEL ESTADO HOSPITAL SAN RAFAEL,"890,982,370",2,BRR VEREDA FATIMA,5748562681,ebejhs01@edatel.net.co,"(6.325962, -75.767641)"
08,Suroeste,05036,Angelópolis,050360510801,EMPRESA SOCIAL DEL ESTADO HOSPITAL LA MISERICORDIA,E.S.E HOSPITAL LA MISERICORDIA,"890,980,959",0,CL 8 # 7-108,5748421146,eseangel@edatel.net.co,"(6.111182, -75.708992)"
08,Suroeste,05789,Támesis,057890457901,EMPRESA SOCIAL DEL ESTADO HOSPITAL SAN JUAN DE DIOS,E.S.E HOSPITAL SAN JUAN DE DIOS,"890,980,855",3,KR 10 # 13 - 52,5748494802,tamehs01@edatel.net.co,"(5.664982, -75.713031)"
02,Bajo Cauca,05250,El bagre,052500213301,EMPRESA SOCIAL DEL ESTADO HOSPITAL NUESTRA SEÑORA DEL CARMEN,ESE HOSPITAL NUESTRA SEÑORA DEL CARMEN,"800,138,311",1,CL 50 # 46D-37,5748372381,bagrhs01@edatel.net.co,"(7.590835, -74.809856)"
09,Urabá,05665,San Pedro de Urabá,056650551401,E.S.E. HOSPITAL OSCAR EMIRO VERGARA CRUZ,E.S.E. HOSPITAL OSCAR EMIRO VERGARA CRUZ,"890,985,660",7,CL 54 # 47 - 102,5748205065,snpuhs01@edatel.net.co,"(8.284117, -76.383648)"
05,Norte,05647,San Andrés de Cuerquia,056470217401,EMPRESA SOCIAL DEL ESTADO GUSTAVO GONZALEZ OCHOA,E.S.E GUSTAVO GONZALEZ OCHOA,"890,982,113",6,BRR EL CRUCERO,5748618101,snanhs01@edatel.net.co,"(6.914669, -75.675287)"
06,Occidente,05761,Sopetrán,057610561201,EMPRESA SOCIAL DEL ESTADO HORACIO MUÑOZ SUESCUN,EMPRESA SOCIAL DEL ESTADO HORACIO MUÑOZ SUESCUN,"890,982,184",9,CL BENJAMIN HERRERA # 11 - 53,5748541555,sopehs01@edatel.net.co,"(6.500707, -75.743845)"
04,Nordeste,05690,Santo Domingo,056900483701,ESE HOSPITAL SAN RAFAEL DE SANTO DOMINGO,ESE HOSPITAL SAN RAFAEL,"890,906,560",1,KR 16 # 18 29,5748621155,stdohs01@edatel.net.co,"(6.474783, -75.162024)"
09,Urabá,05837,Turbo,058370228701,EMPRESA SOCIAL DEL ESTADO HOSPITAL FRANCISCO VALDERRAMA,EMPRESA SOCIAL DEL ESTADO HOSPITAL FRANCISCO VALDERRAMA,"890,981,137",8,KM 1 SALIDA TURBO - APARTADO,5748272088,turbhs01@edatel.net.co,"(8.094491, -76.714541)"
08,Suroeste,05364,Jardín,053640476801,E.S.E HOSPITAL GABRIEL PELÁEZ MONTOYA,E.S.E HOSPITAL GABRIEL PELÁEZ MONTOYA,"890,980,732",6,CL 5 UNION # 1 24,5748455555,jardhs01@edatel.net.co,"(5.602425, -75.821784)"
09,Urabá,05172,Chigorodó,051720630501,EMPRESA SOCIAL DEL ESTADO HOSPITAL MARIA AUXILIADORA,EMPRESA SOCIAL DEL ESTADO HOSPITAL MARIA AUXILIADORA,"890,980,997",0,KR 108 # 101 A - 57,5748253191,esechigorodo@edatel.net.co,"(7.672513, -76.687805)"
01,Valle de Aburrá,05079,Barbosa,050790407701,ESE HOSPITAL SAN VICENTE DE PAUL,ESE HOSPITAL SAN VICENTE DE PAUL,"890,905,193",7,KR 17 # 10 - 34,5744061341,esebarbosa@une.net.co,"(6.43651, -75.333209)"
03,Magdalena Medio,05142,Caracolí,051420410301,HOSPITAL SAN PIO X,HOSPITAL SAN PIO X,"890,981,266",1,CL 21# 20-32,5748336014,carahs01@edatel.net.co,"(6.411135, -74.754925)"
04,Nordeste,05890,Yolombó,058900243101,EMPRESA SOCIAL DEL ESTADO HOSPITAL SAN RAFAEL DE YOLOMBO,EMPRESA SOCIAL DEL ESTADO HOSPITAL SAN RAFAEL DE YOLOMBO,"890,981,536",3,KR 24 # 13 - 466,5748654210,yolohs01@edatel.net.co,"(6.597681, -75.017438)"
09,Urabá,05147,Carepa,051470631101,EMPRESA SOCIAL DEL ESTADO HOSPITAL FRANCISCO LUIS JIMENEZ MARTINEZ,E.S.E HOSPITAL FRANCISCO LUIS JIMENEZ MARTINEZ,"800,227,877",1,CL 70  # 68 - 03,5748236548,carehs01@edatel.net.co,"(7.750753, -76.65483)"
02,Bajo Cauca,05495,Nechí,054950491501,ESE HOSPITAL LA MISERICORDIA,ESE HOSPITAL LA MISERICORDIA,"800,138,011",7,CL LA MISERICORDIA,5748368053,hospitalnechi@gmail.com,"(8.092287, -74.781103)"
09,Urabá,05873,Vigia del Fuerte,058730436301,EMPRESA SOCIAL DEL ESTADO HOSPITAL ATRATO MEDIO ANTIOQUEÑO,E.S.E HOSPITAL ATRATO MEDIO ANTIOQUEÑO,"811,020,943",8,CL PRINCIPAL,5748678151,vigihs@edatel.net.co,"(6.589922, -76.879578)"
